name,id,state,last_epoch,full_length,runtime_h,val/goal_score_at_rung1,val/flux_ratio_bright_at_rung1,val/z_outlier_rate_at_rung1,val/goal_score_final,val/flux_ratio_bright_final,val/z_outlier_rate_final,lr,lam_hp_in,lam_hp_out,lam_presence,lam_flux,delta_cap
sr2_1787761427,gvez4rxv,finished,60,1,2.604,0.19696711864736344,0.6164476275444031,0.1258741319179535,0.1990432471036911,0.6420029401779175,0.13286712765693665,0.00020372318415934308,1.4093791806367468,0.09317058299187889,1.785103428492122,2.999147730083101,60
sr2_1787770847,aih1prq6,crashed,15,0,0.698,0.21932962073220147,0.5845779180526733,0.14335663616657257,0.21932962073220147,0.5845779180526733,0.14335663616657257,0.00021777041583342276,3.148908659789166,0.01514602711257463,7.160235934564049,2.2919094485286298,30
sr2_1787773425,ki1n7ete,finished,86,1,3.729,0.19698041611247594,0.6312896609306335,0.12937062978744507,0.2167818175421821,0.6607373356819153,0.1520978957414627,0.00015837478238236056,1.556871732989919,0.016485974471756107,0.7089764710121007,1.5247804730699497,30
sr2_1787786895,fwrejlwv,finished,65,1,2.822,0.20650210281213122,0.6286988854408264,0.1381118893623352,0.2050268169906404,0.6460860967636108,0.13636364042758942,6.16994522319752e-05,2.1473468723654876,0.05348913206429748,1.923057266265607,7.210604544199063,45
sr2_1787797105,8k7yhsvh,crashed,15,0,0.696,0.21289686428176036,0.5804487466812134,0.13636364042758942,0.21289686428176036,0.5804487466812134,0.13636364042758942,9.486989770804904e-05,2.7455001856370416,0.03467162051151188,2.863998210404182,1.0732382721076477,45
sr2_1787799704,5z8n97he,crashed,15,0,0.698,0.2089786900414361,0.6097033023834229,0.1381118893623352,0.2089786900414361,0.6097033023834229,0.1381118893623352,0.000218146255614211,2.0212576545927323,0.014139089382135523,1.677394160053136,3.742870478563253,60
sr2_1787802293,h1zdzrzc,crashed,15,0,0.694,0.21675600906213122,0.6023113131523132,0.139860138297081,0.21675600906213122,0.6023113131523132,0.139860138297081,5.706896118853045e-05,1.4338012542329637,0.0857119968333422,4.866239074516896,2.2901435557558822,30
sr2_1787804865,1mboqruo,crashed,15,0,0.697,0.22037578622500104,0.6015709638595581,0.14510490000247955,0.22037578622500104,0.6015709638595581,0.14510490000247955,0.0002716131202069227,5.156902154656149,0.024762471110780275,4.469766439891789,2.0738847360315473,20
sr2_1787807443,bvjqu78l,crashed,15,0,0.695,0.2233279327551524,0.5664629936218262,0.14510490000247955,0.2233279327551524,0.5664629936218262,0.14510490000247955,5.875928076303237e-05,2.8295259991037316,0.020183385983431622,1.300531845827102,0.8379408890689591,20
sr2_1787810022,0j87kkiu,crashed,15,0,0.698,0.21718212134308285,0.5519554615020752,0.13461539149284363,0.21718212134308285,0.5519554615020752,0.13461539149284363,0.0001187423223930323,6.908904169358524,0.08045131267892955,0.5299058033151814,1.11075250722225,30
sr2_1787812605,u9i4t0y7,crashed,15,0,0.696,0.22932009100914003,0.5376392602920532,0.14510490000247955,0.22932009100914003,0.5376392602920532,0.14510490000247955,6.541659413104555e-05,6.155220059980216,0.01760184361201275,0.8584663022381699,2.3535477933011895,45
sr2_1787815183,ratj2gtq,finished,52,1,2.259,0.19967181815041435,0.6230614185333252,0.13111887872219086,0.19611240923404694,0.6391591429710388,0.12937062978744507,0.00018116189461128031,3.675793571621538,0.07665295752024821,1.6841577649310433,4.354028952325226,20
sr2_1787823357,lg0kj6dp,crashed,15,0,0.697,0.2154041389624278,0.5712993741035461,0.13461539149284363,0.2154041389624278,0.5712993741035461,0.13461539149284363,5.322866309441129e-05,1.4727983899463255,0.036669701702283265,4.053450636250045,1.6780199583719484,20
sr2_1787825921,3hn69qh3,crashed,15,0,0.698,0.21166037519772846,0.6549707651138306,0.14510490000247955,0.21166037519772846,0.6549707651138306,0.14510490000247955,0.00015098214583578342,1.3750542525285547,0.03547454743830997,5.3943530642936075,3.61351952025151,30
sr2_1787828503,h26wurtl,crashed,15,0,0.697,0.2119090861744351,0.5933582186698914,0.13636364042758942,0.2119090861744351,0.5933582186698914,0.13636364042758942,0.0001470500283682913,6.888034535717358,0.017302354352441367,3.2862363997048174,1.6584006405214522,30
sr2_1787831080,ooy53mje,crashed,15,0,0.697,0.21327335304684109,0.5845845341682434,0.1381118893623352,0.21327335304684109,0.5845845341682434,0.1381118893623352,0.0002759705186231868,6.378883222698697,0.08175239875885273,0.6024093858426873,2.584333824918082,20
sr2_1787833664,jt5anchn,crashed,15,0,0.696,0.23229416641924114,0.5820842385292053,0.15559440851211548,0.23229416641924114,0.5820842385292053,0.15559440851211548,6.359642404237438e-05,5.518797467655094,0.0838290235988794,3.8187201745126576,2.644756485990153,30
sr2_1787836243,gbg01g4v,crashed,15,0,0.696,0.2261953744623396,0.5544098019599915,0.14685314893722534,0.2261953744623396,0.5544098019599915,0.14685314893722534,6.066906987745695e-05,5.8142994517271465,0.0164976134236833,0.5191683110525986,2.453793864953318,30
sr2_1787838824,zwkcnw9k,crashed,15,0,0.696,0.22901519106494056,0.5356339812278748,0.14160838723182678,0.22901519106494056,0.5356339812278748,0.14160838723182678,5.789254751052694e-05,2.6692119688911387,0.04923423388269885,5.022420642074821,0.7055856488435441,60
sr2_1787841404,6dh4dc74,crashed,15,0,0.697,0.22300416330496473,0.5556784868240356,0.14335663616657257,0.22300416330496473,0.5556784868240356,0.14335663616657257,5.8202631683422166e-05,6.490432685361999,0.02959950352055125,0.6582997297648572,2.312437737894445,20
sr2_1787843982,jnsp20mz,crashed,15,0,0.696,0.22086720665295917,0.5872318744659424,0.14685314893722534,0.22086720665295917,0.5872318744659424,0.14685314893722534,5.562179265077104e-05,2.7563923722814407,0.04320601444768517,1.1553024623776056,2.28176694268557,30
sr2_1787846562,00skdo1k,finished,60,1,2.612,0.1968076997333103,0.6023522615432739,0.1258741319179535,0.19438083453310862,0.6301098465919495,0.1241258755326271,0.00013000236357566363,2.1379180058202767,0.013374082680957897,0.8668392277170395,1.8608546193322135,20
sr2_1787856009,invihjtd,crashed,16,0,0.74,0.22602139314015707,0.551569402217865,0.139860138297081,0.22602139314015707,0.551569402217865,0.139860138297081,6.915874939864336e-05,2.1641874270530614,0.06150327516187973,7.759000026535933,1.4580024548343389,60
sr2_1787858863,0zj0so2j,finished,68,1,2.956,0.20459556712044608,0.6346039175987244,0.13636364042758942,0.2098834382163154,0.6297991275787354,0.14160838723182678,0.0002613846232177593,1.7961008623296644,0.03667945617970438,5.34321051643578,5.530305101437982,60
sr2_1787869551,uzp9lna5,crashed,46,0,2.045,0.2037223385439979,0.6114932298660278,0.13111887872219086,0.2096067488193512,0.6163722276687622,0.13461539149284363,0.0002140689586224327,1.0871855246966784,0.03758220487151694,3.4401479123805214,1.5572016642584732,60
sr2_1787876983,hdjfvrjp,crashed,15,0,0.695,0.2218358980284797,0.5969122648239136,0.15034964680671692,0.2218358980284797,0.5969122648239136,0.15034964680671692,0.0002771191750862625,1.7497782925422865,0.011434352248438846,1.1734295513995865,2.1197402987230167,20
sr2_1787879561,a067or3u,crashed,46,0,2.044,0.19834745294517941,0.5925706028938293,0.12062937021255493,0.22643996675809225,0.580137312412262,0.14510490000247955,0.00027231936887890483,1.0353161920655287,0.07116382246454857,3.7736324717836687,1.5402740698640685,60
sr2_1787887003,2gntka99,crashed,15,0,0.699,0.22740980353620316,0.5887690186500549,0.14860139787197113,0.22740980353620316,0.5887690186500549,0.14860139787197113,8.24422670909737e-05,1.4554128077497617,0.023670925474234435,6.0670455291252825,1.625108429412534,45
sr2_1787889584,oyi9cbzt,crashed,15,0,0.696,0.22537922859191895,0.5757165551185608,0.14510490000247955,0.22537922859191895,0.5757165551185608,0.14510490000247955,6.104198398202586e-05,1.9968688172183164,0.06009706011478673,6.429074253427831,2.1756628094324335,60
sr2_1787892162,citgue5n,crashed,15,0,0.695,0.2170019335216946,0.5916327238082886,0.14160838723182678,0.2170019335216946,0.5916327238082886,0.14160838723182678,7.951835594887897e-05,1.4362687185733705,0.01094176751919643,2.864238797773371,3.025266145701866,20
sr2_1787894745,fyl3k1gk,crashed,15,0,0.696,0.21845695144600338,0.6351988315582275,0.14860139787197113,0.21845695144600338,0.6351988315582275,0.14860139787197113,0.00017547387601932817,1.0501085124472542,0.07765111055741407,2.710146867289482,4.659107959942362,30
sr2_1787897325,tupjsj2s,crashed,15,0,0.696,0.22166240049733055,0.6296358108520508,0.1538461595773697,0.22166240049733055,0.6296358108520508,0.1538461595773697,5.113423658536335e-05,2.941806131500184,0.04181089410115442,3.62256895106917,4.76639113828179,30
sr2_1787899905,uwwutq60,crashed,15,0,0.696,0.2162013606892692,0.6044303774833679,0.14160838723182678,0.2162013606892692,0.6044303774833679,0.14160838723182678,0.00010978684036962096,2.0204298363054725,0.06015452292576451,3.5392504531939517,1.9948240285442689,60
sr2_1787902484,fb38gxt4,crashed,46,0,2.046,0.21174694895744323,0.6049258708953857,0.139860138297081,0.21828670104344683,0.5870563983917236,0.139860138297081,6.177942829504879e-05,6.164072710996653,0.05917552310162745,1.931159158479745,2.726911905030156,20
sr2_1787909925,mjdy4rd6,crashed,15,0,0.697,0.2159461948606703,0.5664610266685486,0.13636364042758942,0.2159461948606703,0.5664610266685486,0.13636364042758942,0.0002136574460156445,2.8578026394409006,0.033404987685861115,1.5290884120116195,2.1544255914734336,45
sr2_1787912503,qszgd3f4,crashed,15,0,0.696,0.2162859072287877,0.5505905747413635,0.13636364042758942,0.2162859072287877,0.5505905747413635,0.13636364042758942,5.8313128424375134e-05,4.996502560732721,0.026602146677688197,0.6458030110672163,1.2915889144413106,60
sr2_1787915080,j3tjdcxu,crashed,15,0,0.697,0.21380023856957753,0.5965200066566467,0.139860138297081,0.21380023856957753,0.5965200066566467,0.139860138297081,0.00011561433345342794,7.437087522736241,0.03136247997974741,3.0646717746755865,6.5207896329852595,20
sr2_1787917662,kedignnv,crashed,46,0,2.047,0.2067207872867584,0.5965889692306519,0.13286712765693665,0.211179957124922,0.6042340397834778,0.13461539149284363,0.0002923587863410136,1.7801529992388996,0.08709415533477578,4.834624799810436,3.3174512917308423,30
sr2_1787925105,nos0154d,finished,54,1,2.353,0.21643023225996227,0.583183765411377,0.1381118893623352,0.22261416945192547,0.6195607781410217,0.14860139787197113,0.00025952037507927564,4.246636742917733,0.08463904334429093,5.052599335054987,0.5124170094588336,20
sr2_1787933619,1artj1dk,crashed,15,0,0.697,0.21667385862933267,0.5556236505508423,0.13461539149284363,0.21667385862933267,0.5556236505508423,0.13461539149284363,0.0001417018596988137,4.425208319520209,0.01574000819328134,1.690490799319303,1.165697479361109,45
