name,id,state,last_epoch,full_length,runtime_h,val_med_abs_dz_over_1pz_at_rung1,val_outlier_frac_at_rung1,val_med_abs_dz_over_1pz_final,val_outlier_frac_final,lr,weight_decay,dropout,hidden_dim,num_blocks,batch_size,z_var_floor,pdf_target_sigma_bins,soft_argmax_half
zhead_sr1_1787600128,fjz13fft,finished,109,1,2.974,0.002446176209694807,0.11188811188811189,0.0016016448038894972,0.13111888111888112,0.00034262854858061283,4.22778763497915e-05,0.2985565696701126,128,8,48,8.029585861106828e-07,1.5408322771959777,16
zhead_sr1_1787610878,wrsy9r2l,crashed,15,0,0.382,0.007171075585302014,0.14160839160839161,0.007171075585302014,0.14160839160839161,0.0005536126028974786,8.817330976435402e-05,0.2872060041763394,128,6,48,2.007304777422161e-07,3.749715847078552,8
zhead_sr1_1787612325,1gkd3u2m,crashed,15,0,0.328,0.014490166483539464,0.23601398601398602,0.014490166483539464,0.23601398601398602,0.00011434421463453294,0.0002781575113005754,0.1551003400316578,64,8,64,4.005473582552419e-06,3.5548361189524345,8
zhead_sr1_1787613585,y2eo2lgd,crashed,49,0,1.295,0.006258656591233422,0.17657342657342656,0.0030494575364054697,0.1520979020979021,0.0002071161401828373,3.0390320762031308e-05,0.16256203038000708,192,4,32,1.7325573093134489e-07,1.162609517854948,16
zhead_sr1_1787618321,65unwv1d,finished,136,1,4.414,0.007248252383540703,0.11013986013986014,0.0019521916706292518,0.0979020979020979,0.00037758773306649073,6.420261809672499e-05,0.18673601829849773,192,6,32,1.4648207270498637e-07,3.125977985826824,16
zhead_sr1_1787634255,ex6jg27d,crashed,15,0,0.284,0.008096278410598526,0.16083916083916083,0.008096278410598526,0.16083916083916083,0.00016548931700264313,6.05325262710116e-05,0.26312749552955783,64,5,32,2.398463934992033e-06,3.702760761458528,8
zhead_sr1_1787635363,pel7vupz,finished,149,1,4.048,0.002462262979772957,0.11363636363636363,0.001535474873512019,0.09965034965034965,0.0002161535940678488,5.866417627097429e-05,0.2642834132455033,128,8,32,6.65792103090225e-07,1.0107148360518323,16
zhead_sr1_1787649981,3bh32rvh,crashed,49,0,1.028,0.0032070159711387767,0.11713286713286714,0.0026711088571965257,0.12237762237762238,0.0003033336926737083,1.2080935616030348e-05,0.24981577055809576,96,5,48,2.725538196541296e-06,1.7618516603649998,8
zhead_sr1_1787653782,u6w305dk,crashed,15,0,0.297,0.015137998119406037,0.1993006993006993,0.015137998119406037,0.1993006993006993,0.00014002863612450932,5.604162328664268e-06,0.18122176356221148,64,5,64,4.012468229324672e-07,1.582718796062677,8
zhead_sr1_1787654922,c5z1roel,crashed,15,0,0.297,0.005632713171060998,0.16433566433566432,0.005632713171060998,0.16433566433566432,0.0003884944562583254,3.871436886267205e-05,0.23590347334370304,64,5,64,1.4679871854484378e-06,2.007663147426192,8
zhead_sr1_1787656064,7ah417bv,crashed,49,0,1.46,0.002843187151100021,0.11713286713286714,0.0027949328911559155,0.10314685314685315,0.000284922598411638,1.941085657580009e-05,0.25627081467659474,192,5,48,1.024995570627221e-06,1.7284694814226538,4
zhead_sr1_1787661403,sfvufqpa,crashed,49,0,0.96,0.0037308800396254086,0.16958041958041958,0.003281741073175354,0.12237762237762238,0.0003546070945348458,5.8541698279367e-06,0.32437431230694985,96,4,32,6.0579211111991375e-06,0.8267170405002662,16
zhead_sr1_1787664945,zvdfry23,crashed,15,0,0.281,0.05092794330686212,0.28846153846153844,0.05092794330686212,0.28846153846153844,0.0001153447742179662,2.118892962315084e-05,0.17038436941946006,64,4,48,1.034049887349601e-06,0.8311931362310079,16
zhead_sr1_1787666023,sadkccam,crashed,15,0,0.467,0.004140909066806666,0.10664335664335664,0.004140909066806666,0.10664335664335664,0.00034906490110025166,4.4991883851365106e-05,0.2429728801043542,192,5,64,2.4654711623499277e-06,2.271738828732557,16
zhead_sr1_1787667763,jvxae8ck,crashed,49,0,1.024,0.0037160178430570663,0.1346153846153846,0.003593329776314409,0.1258741258741259,0.0006693001907148282,6.32715061899668e-06,0.22559717100644883,128,4,32,6.344546551359061e-07,1.7614055862383402,8
zhead_sr1_1787671542,vsiajh49,crashed,15,0,0.307,0.004986581882090774,0.16083916083916083,0.004986581882090774,0.16083916083916083,0.0002853052648789793,7.041602853195093e-05,0.24070847101762768,96,4,32,3.404499779986479e-06,1.1643088719036223,8
zhead_sr1_1787672742,3bpsfjc1,crashed,17,0,0.316,0.009351916601441192,0.17657342657342656,0.009351916601441192,0.17657342657342656,0.00015432204268764682,1.5827444660669867e-05,0.21781098952923955,64,4,48,2.5909292551744337e-06,3.8011504845603,4
zhead_sr1_1787673942,9clopsj9,crashed,15,0,0.433,0.004801475367414938,0.0979020979020979,0.004801475367414938,0.0979020979020979,0.00020501564195027916,0.0004130433442304869,0.23147762808211403,128,8,48,1.7784261882117748e-07,3.0247200597735713,8
zhead_sr1_1787675561,szyeyj14,finished,149,1,4.059,0.0028481745766041986,0.12237762237762238,0.0013384370952483917,0.10139860139860139,0.0005297646382857649,4.531004541514447e-05,0.14320091733796725,128,8,32,3.451575663853661e-06,1.6465671787135308,4
zhead_sr1_1787690214,afus4pfq,crashed,49,0,1.016,0.0037294189562414558,0.12062937062937062,0.002867295177424622,0.11538461538461539,0.0002741118141445669,1.261807431110269e-05,0.15722623674810926,96,5,32,8.584015945138963e-06,2.6310134690552873,16
zhead_sr1_1787693984,2eqkvl2v,crashed,15,0,0.392,0.0052238492777186025,0.1258741258741259,0.0052238492777186025,0.1258741258741259,0.00017849937697534402,0.00020123642727332925,0.30154621568167317,128,6,64,4.415807883964856e-06,1.304801186906285,8
zhead_sr1_1787695483,awg7xnj2,crashed,15,0,0.466,0.0060872067064094825,0.1381118881118881,0.0060872067064094825,0.1381118881118881,0.0003898782082285129,6.1347027448836465e-06,0.3454547759256227,192,5,48,4.1812689179734313e-07,3.039762114122648,8
zhead_sr1_1787697224,2evm5rel,crashed,15,0,0.385,0.004994546005602269,0.13286713286713286,0.004994546005602269,0.13286713286713286,0.0009758657616839642,5.267558580461805e-05,0.2673174762821836,128,6,48,3.5147460371096544e-06,2.733424853825376,4
zhead_sr1_1787698664,5doj9cpv,crashed,15,0,0.314,0.046794730145346713,0.32867132867132864,0.046794730145346713,0.32867132867132864,0.00014317313557884223,5.3141781127573714e-05,0.24543694320895543,96,4,64,9.222736704634732e-07,1.4776043173573137,4
zhead_sr1_1787699862,eghan656,crashed,15,0,0.359,0.008051604554917748,0.20104895104895104,0.008051604554917748,0.20104895104895104,7.408720106254678e-05,1.6477547795279097e-05,0.1855177273789305,128,5,64,3.626039965438557e-06,3.1925775004093,16
zhead_sr1_1787701244,03cl39yg,crashed,15,0,0.516,0.005177475142459256,0.1258741258741259,0.005177475142459256,0.1258741258741259,8.538299444528129e-05,5.249246984092108e-06,0.05416557711860555,192,6,32,2.5732596734438954e-07,3.3091471053542643,16
zhead_sr1_1787703164,a08a6420,finished,140,1,5.439,0.0028139025539720306,0.11188811188811189,0.0018570950223430163,0.10314685314685315,0.0002686461048803374,0.0004509038670405157,0.3436322758931445,192,8,48,4.934359691509657e-07,2.481224798971601,4
zhead_sr1_1787722786,z1j23gth,crashed,49,0,1.071,0.004025966644681884,0.1346153846153846,0.0026853370235349573,0.11013986013986014,0.0003336946206457951,0.00018304978077780484,0.29498294617883597,96,6,32,2.6279706959979494e-06,1.6796057313343198,8
zhead_sr1_1787726741,06i6d4as,crashed,15,0,0.417,0.0056055423802040885,0.18181818181818182,0.0056055423802040885,0.18181818181818182,0.00013262279030244576,0.00013913471893182942,0.34690859281150077,192,4,64,9.739125342187365e-06,3.288132729183267,8
zhead_sr1_1787728302,1a54bctl,crashed,15,0,0.329,0.08775968191765397,0.3881118881118881,0.08775968191765397,0.3881118881118881,0.00012943493140867333,1.8618556422726888e-05,0.3006432061564824,128,4,48,4.520499304238693e-07,1.761330862703043,4
zhead_sr1_1787729562,72lvhtc0,crashed,15,0,0.417,0.0061675215289683,0.19055944055944055,0.0061675215289683,0.19055944055944055,8.633489394890727e-05,3.767116198257091e-05,0.2287532716961976,192,4,64,5.078257353858944e-06,2.287375346095592,8
zhead_sr1_1787731125,ecyl5mi2,crashed,15,0,0.308,0.005613222101929452,0.13286713286713286,0.005613222101929452,0.13286713286713286,0.0004901149429132205,6.010732047480426e-06,0.20766164054215017,64,6,64,2.531790483630623e-07,2.029997535863834,16
zhead_sr1_1787732325,qzzukoef,crashed,15,0,0.417,0.008154177190576123,0.13636363636363635,0.008154177190576123,0.13636363636363635,0.0007739983853205774,0.00016876308422860637,0.3326104913024109,192,4,48,1.876450779096866e-06,3.0506740008805373,4
zhead_sr1_1787733884,n7o7i53a,crashed,49,0,1.028,0.004382067611113677,0.1451048951048951,0.004603393143934796,0.13636363636363635,0.000657978638825249,4.4276063033499353e-05,0.21302358302100963,96,5,48,7.704710570710232e-07,0.7831758859954653,4
zhead_sr1_1787737661,wrdwz3h6,crashed,15,0,0.618,0.0067474996417214664,0.09965034965034965,0.0067474996417214664,0.09965034965034965,0.00027203640870031526,5.342674671346457e-05,0.10899846418072875,192,8,32,9.156268673093584e-07,3.914426693207632,4
zhead_sr1_1787739943,ujoe57mq,crashed,15,0,0.437,0.007201757141518966,0.1048951048951049,0.007201757141518966,0.1048951048951049,0.0004824060866266246,0.00011815793309642145,0.20327998528526087,128,8,64,1.2641494613355846e-07,3.229693722759917,16
zhead_sr1_1787741625,pjo8bo1n,finished,149,1,3.008,0.0031310065634391985,0.13111888111888112,0.0020950830116129564,0.08916083916083917,0.0004031486002879181,0.00012646453574073632,0.1602283090366606,64,8,48,1.758927634954297e-07,2.6474127855930294,8
zhead_sr1_1787752498,wrdrdmd0,crashed,15,0,0.287,0.06707533554213241,0.29545454545454547,0.06707533554213241,0.29545454545454547,7.574943347499462e-05,6.777734168909043e-05,0.1171507455668797,64,4,64,8.289384254993054e-07,2.1794584199456706,16
zhead_sr1_1787753625,9kwgtckk,crashed,49,0,1.016,0.003938480734261297,0.13286713286713286,0.0027658202362744752,0.10314685314685315,0.00037914267596093665,0.0004703605454232553,0.11322565677831072,96,5,32,5.636923242758208e-06,1.3388777218342978,4
zhead_sr1_1787757342,njz8upg1,crashed,15,0,0.286,0.06927293725743969,0.30244755244755245,0.06927293725743969,0.30244755244755245,0.00010085655293563612,1.4484866031687372e-05,0.29999198580060044,64,4,64,1.3146799430447994e-07,0.8186404786133171,8
zhead_sr1_1787758482,st5jufm1,crashed,15,0,0.325,0.004392430179788331,0.1486013986013986,0.004392430179788331,0.1486013986013986,0.0005113624268836874,0.00033558362192458516,0.2668853283929885,96,5,32,2.2489570874512417e-07,3.2530590817759393,4
zhead_sr1_1787759742,2qh2hxkv,crashed,10,0,0.424,0.009168640997014145,0.11363636363636363,0.009168640997014145,0.11363636363636363,0.00040181292899551775,7.471358879698591e-06,0.3360015008318299,192,8,48,6.513980902073611e-06,2.035653819588605,4
