name,id,state,last_epoch,full_length,runtime_h,val_mse_at_rung1,avg_val_loss_smooth_at_rung1,val_mse_final,avg_val_loss_smooth_final,num_res_blocks,hidden_dim,lr,dropout,weight_decay,logvar_reg,gate_min_frac,gate_temp,score_w_line,mask_thresh_mad,mask_smooth_k,sharp_wd_rate
sr1_1787242987,4jdfjs24,finished,119,1,7.335,0.8215502003828684,0.21341145386481677,0.8576923973030515,0.15729320906223776,16,144,2.246916752882351e-05,0.02133476838948342,1.8390510708382243e-05,3.737363424492798e-05,0.013264526461542137,0.17837650430363225,0.5191487119789893,3.862034283484243,161,0.003988655823409031
sr1_1787269437,ttsilxi2,crashed,12,0,0.981,0.8212812476687961,0.36425807818177214,0.8212812476687961,0.36425807818177214,20,144,8.182702514248746e-05,0.03948578714259181,2.826284026294333e-05,1.6918630517173907e-06,0.009368570099868682,0.1353735037806185,0.8977188779438732,3.8471371900329703,161,0.012331321146882249
sr1_1787273086,p85q5ck8,crashed,12,0,0.468,0.8199241525597043,0.3737946022706876,0.8199241525597043,0.3737946022706876,16,96,4.943577673294568e-05,4.605138065399972e-06,2.8382178140365537e-05,1.6917776431722438e-05,0.006585778076605945,0.14403690939828395,1.0075892833533424,3.239096814222636,201,0.011522353877870982
sr1_1787274824,m6te8t90,crashed,39,0,1.775,0.8200069566567739,0.3490564426817936,0.8264656464258829,0.3324650109595057,20,96,4.836627374264863e-05,0.03827905905788815,8.857743899003889e-05,1.4605931180382409e-05,0.023807948078681095,0.15763454645700536,1.0926789493525713,2.1049412755456336,121,0.006862439626143604
sr1_1787281302,hmvwg6bv,crashed,12,0,0.606,0.8211818204985725,0.3604105241903431,0.8211818204985725,0.3604105241903431,12,144,0.00017037468399935094,0.004690032995110477,3.3453479987727556e-05,8.378867123157588e-06,0.006998997747175724,0.49963291503607576,1.1858306898770838,2.6533957233622543,121,0.016919656962575583
sr1_1787283582,lueuelmh,crashed,12,0,0.418,0.8204432196087308,0.36948954779835347,0.8204432196087308,0.36948954779835347,8,144,0.00012870086414198563,0.017514575969470626,3.72094767277922e-05,5.554401493005768e-06,0.02018680824773303,0.252033104591991,1.0730411859020026,3.3018669533441583,201,0.013935946522996512
sr1_1787285141,eecj3nan,crashed,12,0,0.251,0.8182013233502706,0.40883265647538203,0.8182013233502706,0.40883265647538203,8,96,0.00018359790315563816,0.04736644812509109,1.338602845131194e-05,1.434845040409848e-05,0.018504975332333123,0.24159961405579225,1.1056461559686417,3.5825060417166856,121,0.009166174246425471
sr1_1787286103,iepq2rum,finished,119,1,5.591,0.8218476540512509,0.18903738730090325,0.8491230871942308,0.05031004086462572,12,144,5.918760653094866e-05,0.03525928217724808,1.8798599493669965e-05,8.435577793090042e-07,0.02789371321963689,0.4093269124121962,0.4473561513371936,4.072588827576828,81,0.011565601153126484
sr1_1787306271,ygs4qqn8,finished,119,1,3.094,0.8284175660875108,0.1446111927978592,0.8172176579634348,0.032900390425455034,8,120,3.807721039055805e-05,0.04742647632142636,2.308667001576976e-05,8.970324297439083e-07,0.017451878586423712,0.460447045619037,0.4934190545847379,2.0809407953316685,201,0.01759594663580242
sr1_1787317456,en5tn3la,finished,119,1,2.321,0.8259316119882796,0.17259607177596686,0.8178603880935245,0.03557724824569647,8,96,2.683421395275226e-05,0.02191547145257489,1.963771341313473e-05,2.76546141866224e-06,0.01262404130958542,0.4931612210604217,0.5352200583954828,2.7729952244722655,201,0.018390233625221825
sr1_1787325858,deqaobdy,crashed,39,0,3.019,0.8153881430625916,0.20815831674393967,0.8425698015424941,0.186418474877144,20,144,5.0208034243840034e-05,0.0037378149274808815,8.955807225469273e-05,3.837078462107625e-06,0.013600985326418224,0.368027867132782,0.7250351804280633,2.0756310088335224,201,0.0196992417684098
sr1_1787336805,oi90ynem,finished,119,1,3.314,0.8171879119343228,0.11016140995033777,0.8398038181993697,0.1033446411723844,12,96,5.359213707803536e-05,0.04104759284630308,4.5582803425018034e-05,2.250426468174377e-05,0.0272895626839666,0.2720999175940605,0.31870363655007367,2.944593875331698,201,0.0014339715272064211
sr1_1787348778,nklx7t9d,crashed,12,0,0.636,0.8356253902117411,0.40474292562308933,0.8356253902117411,0.40474292562308933,16,120,0.0001637819087152073,0.023002752569578573,1.959359614553848e-05,3.054609664765906e-07,0.027296244254108586,0.4689416954190636,0.9848102078192396,4.321297830128126,121,0.006390412231189482
sr1_1787351143,zmglsnpj,crashed,12,0,0.578,0.8217772907680936,0.21832118395802155,0.8217772907680936,0.21832118395802155,20,96,3.0560110488096434e-05,0.04789589977073688,4.018857852527083e-05,1.891948329535875e-07,0.010188173146580696,0.4249208810216759,0.5661638642291938,3.7790175089361058,201,0.0139909790445976
sr1_1787353301,fnpthb6j,crashed,12,0,0.336,0.8239936232566833,0.3335939162861985,0.8239936232566833,0.3335939162861985,8,120,2.6139610430517604e-05,0.0306669039483237,1.73672983198578e-05,7.00037223469861e-07,0.018694638331433127,0.19749710236463985,0.9445942302280412,3.240741563873085,201,0.013395670478912452
sr1_1787354625,99bfupu9,crashed,39,0,3.024,0.8162817921903398,0.19608794318107448,0.8304948210716248,0.17901585502454626,20,144,4.115610347137643e-05,0.014473987412133828,4.399603726496589e-05,3.487614475857727e-07,0.014179333959073448,0.3243064899912975,0.566140526476695,3.01197621068383,81,0.014645119503023447
sr1_1787365602,wmweyonw,crashed,12,0,0.36,0.8298272225591872,0.22942300805854568,0.8298272225591872,0.22942300805854568,12,96,4.235047334951118e-05,0.011051248247665133,3.154715828638481e-05,1.7067981300956483e-06,0.026252749635368076,0.4932841241704274,0.6645301213133664,3.2228644078824877,121,0.01306639549271047
sr1_1787366985,fv3x2go9,crashed,12,0,0.251,0.8165496289730072,0.4344787485834574,0.8165496289730072,0.4344787485834574,8,96,9.55692631551977e-05,0.036664344505972425,1.64097754421752e-05,3.155001090451009e-07,0.02430176096966639,0.34483238730358234,1.131230037537705,3.9832413129237936,161,0.01104396585314265
sr1_1787367945,7ig8snsx,crashed,12,0,0.636,0.821383559041553,0.27118463341965426,0.821383559041553,0.27118463341965426,16,120,2.2289758076159483e-05,0.02484883566400148,1.2812505489879194e-05,1.655244496668068e-05,0.010229921770758236,0.23311209282240017,0.736408079933436,3.43785682908569,201,0.0022062389764553837
sr1_1787370344,g4alyh5y,crashed,12,0,0.606,0.8173440098762512,0.37644462611837837,0.8173440098762512,0.37644462611837837,12,144,0.00011641820902745016,0.03048645253625276,3.273081604250507e-05,1.0101723289715586e-07,0.015777408651337536,0.4489658913277791,1.0909533469422767,3.4350876999323177,201,0.014842922511333526
sr1_1787372622,peem1e6k,finished,119,1,2.311,0.8226829535431333,0.16751172357587021,0.8272870911492242,0.03897415990388168,8,96,7.853141354723066e-05,0.048908555975548086,2.836174778820145e-05,1.5019953412149066e-06,0.01148832315039873,0.29536230230079275,0.39934237330078737,3.864318677867188,81,0.011465713860227293
sr1_1787380982,0mbgem3f,crashed,12,0,0.418,0.8181436227427589,0.2804028411888982,0.8181436227427589,0.2804028411888982,8,144,0.00010871912218811926,0.04604167839165994,2.3624615274404243e-05,4.524734226475608e-05,0.029917139969777712,0.4958230278938234,0.7617340321026196,3.762130204529857,201,0.0014875879727189356
sr1_1787382585,f8hwnpxi,crashed,12,0,0.486,0.8202977180480957,0.25081762086592324,0.8202977180480957,0.25081762086592324,12,120,0.0001329115865119699,0.022747722122171576,5.356280982547801e-05,2.973857729604069e-06,0.021177312941893147,0.3419731377727645,0.5855644681477674,4.412841157031085,161,0.01454471129987761
sr1_1787384442,yhp37n0a,crashed,12,0,0.984,0.8225688305166032,0.3239002106727717,0.8225688305166032,0.3239002106727717,20,144,0.0001477218095299997,0.0168708458412269,3.712476751460371e-05,1.899889069740033e-07,0.022355174695910276,0.2661309418025778,1.075650881417714,2.26194245075615,81,0.011070228573355314
sr1_1787388043,bqyhgz4z,crashed,12,0,0.795,0.826909300353792,0.4150467075105049,0.826909300353792,0.4150467075105049,16,144,0.00010390560389371315,0.00807063826793102,6.7363489941168e-05,1.824147810411402e-07,0.020428738266005383,0.4041023488034977,1.059733265867613,4.035262576599661,201,0.01055619356128509
sr1_1787390986,kd3jf0nf,crashed,12,0,0.336,0.8231953945424821,0.2321832436840166,0.8231953945424821,0.2321832436840166,8,120,0.00013753658796971432,0.020986061105834786,6.969114920008562e-05,8.743935475283314e-06,0.008506523615364492,0.438160398441627,0.8051306411230188,2.0496747474647923,81,0.0004216693141073735
sr1_1787392303,krke7p2c,crashed,12,0,0.983,0.8200356264909109,0.37288189365925867,0.8200356264909109,0.37288189365925867,20,144,0.00016362307897277534,0.016687233354493288,4.038258448549075e-05,1.0628350733023256e-05,0.01436947058080956,0.15001379778384774,0.9164225290343389,4.036659394787879,161,0.008921361838159676
sr1_1787395902,f0lud9mb,crashed,12,0,0.794,0.8261683119667901,0.4646292767943587,0.8261683119667901,0.4646292767943587,16,144,0.00017882098042020924,0.03375796935279271,3.137512128419986e-05,6.771717773904797e-07,0.010811125809415609,0.21759426805283105,1.1977814070457755,3.624443107733332,81,0.00348038215132068
sr1_1787398844,3ink92b1,finished,119,1,2.319,0.8250758979055617,0.16183527551967405,0.8262177043490939,0.03680332656025092,8,96,5.6737085374121315e-05,0.015979056954049643,2.0313375497979583e-05,4.8240330001447e-05,0.005354146879857356,0.4824563479395657,0.524133569683412,2.437426399537227,121,0.014955674560926077
sr1_1787407236,zv8dgim6,crashed,12,0,0.485,0.8195787568887075,0.25776801538407085,0.8195787568887075,0.25776801538407085,12,120,0.00019777234239155023,0.006483580814811263,7.135566535651173e-05,4.093779059691534e-05,0.009955584375917368,0.4013674739406888,0.6135188126316433,4.265063109099859,121,0.006146132546619154
sr1_1787409100,00c8179m,crashed,12,0,0.786,0.8213684558868408,0.3381740015221854,0.8213684558868408,0.3381740015221854,20,120,0.00012802111070776446,0.021468826999373865,1.941670773154649e-05,1.503591448119596e-07,0.013483240747683874,0.3932997346548167,1.1125810679694104,2.5915057381049618,121,0.015141290324649842
sr1_1787412044,18fl3okr,crashed,12,0,0.36,0.8220376902156405,0.27021602409607376,0.8220376902156405,0.27021602409607376,12,96,0.00012623119329215917,0.04626907542648498,5.456292815025983e-05,2.524808940084299e-07,0.01862107844135456,0.38259001220580424,0.7792217996828646,3.248298497765492,121,0.007315102955028628
sr1_1787413424,nj0fpj48,crashed,12,0,0.788,0.819925437370936,0.3107740565678639,0.819925437370936,0.3107740565678639,20,120,5.584724894775849e-05,0.015042992994349042,1.1577021087035324e-05,3.311275096668447e-06,0.024965919217529296,0.45024757321654474,0.8347066512564165,3.788073612683511,161,0.012649434393552412
sr1_1787416362,q3xn7t11,crashed,12,0,0.577,0.8206333352459801,0.3659484280060544,0.8206333352459801,0.3659484280060544,20,96,6.645354804255457e-05,0.019388707941332226,3.657158216058744e-05,4.591558474904296e-05,0.008668022339890988,0.2522500576934364,0.8835063859943006,4.173923863611021,201,0.011226576850665467
sr1_1787418526,7keriz5f,crashed,12,0,0.417,0.8249327176147037,0.3098224683679442,0.8249327176147037,0.3098224683679442,8,144,4.1828692727164287e-05,0.007057029446927804,4.711005337531072e-05,8.191391548617605e-07,0.01883713281699743,0.3526808536232612,1.0467213045480817,2.4004946911077423,161,0.002759026804903817
sr1_1787420084,cw3tk1rx,crashed,39,0,1.284,0.8245198958449893,0.2482197600174802,0.8220858805709415,0.22653083834079393,8,144,4.725238764607757e-05,0.03618185504964808,2.7777419872220368e-05,1.0673064719284088e-05,0.02934844959344276,0.16739556360013214,0.7550810205268415,2.550325832780385,81,0.011457770848191577
sr1_1787424766,7st4f3gd,crashed,39,0,1.774,0.8168967266877493,0.20422292873442532,0.8423234224319458,0.20758923897191917,20,96,9.075181922725048e-05,0.012662235876130091,2.9191263119254563e-05,1.182720012514247e-06,0.010368516969304568,0.2344213174531906,0.658294734302584,2.1943956793269765,201,0.0012909608127237382
sr1_1787431243,03smrphq,crashed,39,0,1.031,0.8229990833335452,0.169819134568591,0.8285904328028361,0.15618173064171856,8,120,0.00014948842319744194,0.014372172862680272,1.1742459400283337e-05,6.847081678882328e-07,0.01578561647285972,0.492790955694265,0.5805530863439226,2.24258343214608,121,0.013014596609751586
sr1_1787435024,np70wpne,finished,119,1,7.338,0.8165160483784146,0.1505844730717245,0.8779898087183634,0.05137280009845802,16,144,6.122757098516505e-05,0.003479337552734302,1.964912388422661e-05,5.581624682712172e-07,0.01078004817204374,0.3031275342295212,0.4406848615427123,2.9285966748629217,161,0.01578591786658854
sr1_1787461483,rmk4y38y,crashed,39,0,1.494,0.817262245549096,0.2259244069383407,0.8472065528233846,0.21408022911374736,12,120,0.00011101991502815543,0.03524773151844083,5.568045928409093e-05,2.210441454214503e-07,0.021791072773839616,0.4287531320889737,0.6398206259690182,3.474721975216436,201,0.009532407681628424
